{"stat.chestOpened":2,"stat.pickup.ftbquests.chest":1,"stat.drop.hbm.gun_amat":1,"stat.leaveGame":9,"stat.pickup.hbm.dungeon_chain":4,"stat.useItem.minecraft.potion":2,"stat.jump":131,"stat.swimOneCm":399,"stat.climbOneCm":32,"stat.fallOneCm":4556,"stat.crouchOneCm":10843,"stat.useItem.minecraft.stone_slab2":79,"stat.craftingTableInteraction":1,"stat.pickup.minecraft.rotten_flesh":2,"stat.useItem.scp.spawn_egg":2,"stat.pickup.scp.organ":1,"stat.pickup.minecraft.feather":3,"stat.useItem.hbm.apple_schrabidium":2,"stat.pickup.srparasites.assimilated_flesh":6,"stat.killEntity.entity_glyphid":5,"stat.flyOneCm":864352,"stat.pickup.mcheli.nh90":1,"stat.pickup.thermalfoundation.glass":1,"stat.killEntity.techguns.ZombieFarmer":1,"stat.damageDealt":964,"stat.sleepInBed":1,"stat.timeSinceDeath":271564,"stat.useItem.minecraft.spawn_egg":2,"stat.walkOneCm":118253,"stat.pickup.minecraft.log":1,"stat.pickup.minecraft.chicken":4,"stat.pickup.minecraft.sapling":11,"stat.sprintOneCm":33030,"stat.useItem.srparasites.itemmobspawner_ranracadapted":1,"stat.ntmBullets":7,"stat.killEntity.Skeleton":1,"stat.killEntity.Chicken":2,"stat.useItem.mutantbeasts.hulk_hammer":4,"stat.useItem.betterbuilderswands.wanddiamond":91,"stat.killEntity.Spider":2,"stat.mobKills":31,"stat.useItem.hbm.crucible":3,"stat.deaths":1,"stat.drop":1,"stat.pickup.minecraft.egg":1,"stat.playOneMinute":290808,"stat.sneakTime":2699,"stat.killEntity.Zombie":12,"stat.pickup.minecraft.snowball":20}