{"stat.leaveGame":4,"stat.craftItem.minecraft.iron_axe":2,"stat.pickup.hbm.crate_can":1,"stat.pickup.gravestone.death_info":1,"stat.mineBlock.hbm.glyphid_base":10,"stat.useItem.minecraft.planks":306,"stat.pickup.minecraft.porkchop":3,"stat.pickup.minecraft.glass":47,"stat.mineBlock.gravestone.gravestone":1,"stat.pickup.minecraft.rotten_flesh":11,"stat.pickup.minecraft.brick_block":2,"stat.craftItem.minecraft.stone_axe":1,"stat.pickup.hbm.gas_mask_m65":1,"stat.craftItem.minecraft.cooked_fish":3,"stat.killEntity.techguns.ZombieFarmer":4,"stat.mineBlock.hbm.crate_can":1,"stat.mineBlock.minecraft.brick_block":2,"stat.mineBlock.biomesoplenty.dirt":3,"stat.drop.gravestone.death_info":1,"stat.mineBlock.minecraft.vine":1,"stat.pickup.techguns.basicore":7,"stat.useItem.minecraft.oak_stairs":52,"stat.furnaceInteraction":12,"stat.mineBlock.minecraft.dark_oak_stairs":1,"stat.killEntity.ZombieVillager":1,"stat.useItem.minecraft.dark_oak_stairs":1,"stat.pickup.srparasites.lurecomponent1":8,"stat.useItem.thermalfoundation.tool.hammer_iron":38,"stat.pickup.biomesoplenty.flower_1":14,"stat.pickup.biomesoplenty.flower_0":10,"stat.useItem.minecraft.stone_stairs":48,"stat.pickup.hbm.grenade_if_generic":2,"stat.useItem.hbm.steel_shovel":433,"stat.pickup.minecraft.stone_stairs":1,"stat.pickup.hbm.crystal_iron":4,"stat.mineBlock.minecraft.oak_stairs":2,"stat.deaths":2,"stat.pickup.minecraft.egg":4,"stat.playOneMinute":124750,"stat.pickup.hbm.lignite":20,"stat.mineBlock.minecraft.tallgrass":216,"stat.chestOpened":35,"stat.useItem.biomesoplenty.peach":1,"stat.pickup.hbm.safe":1,"stat.pickup.minecraft.arrow":4,"stat.craftItem.minecraft.dark_oak_stairs":28,"stat.fallOneCm":41526,"stat.crouchOneCm":11057,"stat.pickup.hbm.scrap":3,"stat.entityKilledBy.techguns.Bandit":1,"stat.craftItem.minecraft.iron_ingot":18,"stat.craftingTableInteraction":18,"stat.mineBlock.ic2.resource":5,"stat.mineBlock.minecraft.log2":39,"stat.killEntity.techguns.Bandit":1,"stat.killEntity.techguns.ZombieMiner":1,"stat.pickup.hbm.ammo_standard":16,"stat.mineBlock.biomesoplenty.plant_1":315,"stat.mineBlock.biomesoplenty.plant_0":95,"stat.pickup.minecraft.planks":105,"stat.mineBlock.hbm.deco_beryllium":1,"stat.pickup.minecraft.wheat_seeds":117,"stat.useItem.minecraft.stone_pickaxe":46,"stat.craftItem.minecraft.oak_stairs":76,"stat.useItem.biomesoplenty.berries":1,"stat.mineBlock.minecraft.dirt":390,"stat.drop.minecraft.stick":1,"stat.mineBlock.biomesoplenty.leaves_3":1,"stat.craftItem.minecraft.stone_stairs":64,"stat.useItem.minecraft.log":62,"stat.useItem.minecraft.cobblestone":5,"stat.mineBlock.techguns.basicore":7,"stat.pickup.hbm.titanium_plate":2,"stat.craftItem.minecraft.crafting_table":2,"stat.mineBlock.minecraft.double_plant":5,"stat.pickup.minecraft.log":227,"stat.useItem.minecraft.cooked_fish":3,"stat.pickup.minecraft.sapling":54,"stat.pickup.minecraft.apple":5,"stat.craftItem.minecraft.planks":396,"stat.pickup.hbm.robes_helmet":2,"stat.pickup.hbm.ingot_steel":1,"stat.pickup.biomesoplenty.berries":1,"stat.mineBlock.minecraft.log":168,"stat.craftItem.minecraft.cooked_chicken":4,"stat.useItem.biomesoplenty.dirt":3,"stat.pickup.biomesoplenty.dirt":10,"stat.pickup.minecraft.red_flower":14,"stat.sneakTime":2967,"stat.pickup.minecraft.yellow_flower":1,"stat.pickup.minecraft.bone":12,"stat.useItem.minecraft.iron_axe":206,"stat.pickup.antiqueatlas.empty_antique_atlas":1,"stat.pickup.minecraft.stone_pickaxe":3,"stat.mineBlock.minecraft.yellow_flower":1,"stat.mineBlock.srparasites.gore":2,"stat.mineBlock.hbm.safe":1,"stat.swimOneCm":14113,"stat.climbOneCm":254,"stat.killEntity.techguns.ZombieSoldier":1,"stat.useItem.minecraft.dirt":305,"stat.useItem.minecraft.stone_slab2":24,"stat.pickup.minecraft.stone_hoe":1,"stat.pickup.thermalfoundation.ore":4,"stat.pickup.hbm.iv_blood":1,"stat.craftItem.minecraft.stone_pickaxe":1,"stat.craftItem.minecraft.cooked_beef":7,"stat.pickup.minecraft.cobblestone":376,"stat.mineBlock.biomesoplenty.double_plant":2,"stat.flyOneCm":319746,"stat.useItem.minecraft.cooked_beef":5,"stat.mineBlock.minecraft.iron_ore":14,"stat.timeSinceDeath":69426,"stat.pickup.hbm.steel_shovel":2,"stat.mineBlock.biomesoplenty.log_2":13,"stat.killEntity.techguns.SkeletonSoldier":1,"stat.mineBlock.thermalfoundation.ore":4,"stat.killEntity.Creeper":1,"stat.pickup.minecraft.string":3,"stat.craftItem.minecraft.stone_slab2":0,"stat.pickup.thermalfoundation.tool.hammer_iron":1,"stat.sprintOneCm":254078,"stat.mineBlock.biomesoplenty.flower_1":18,"stat.mineBlock.biomesoplenty.flower_0":3,"stat.mineBlock.biomesoplenty.grass":4,"stat.mineBlock.mekanism.oreblock":4,"stat.pickup.ic2.resource":5,"stat.pickup.hbm.egg_glyphid":4,"stat.pickup.hbm.steel_legs":2,"stat.mineBlock.minecraft.planks":106,"stat.drop":2,"stat.killEntity.Zombie":5,"stat.pickup.opencomputers.tool":3,"stat.mineBlock.hbm.deco_loot":7,"stat.diveOneCm":20931,"stat.pickup.biomesoplenty.peach":1,"stat.pickup.minecraft.sign":1,"stat.useItem.minecraft.apple":1,"stat.jump":1875,"stat.pickup.minecraft.coal":1,"stat.pickup.minecraft.iron_ingot":18,"stat.useItem.minecraft.stone_axe":35,"stat.pickup.minecraft.gunpowder":2,"stat.pickup.minecraft.spider_eye":2,"stat.pickup.minecraft.dirt":378,"stat.useItem.minecraft.cooked_chicken":4,"stat.pickup.minecraft.iron_ore":14,"stat.boatOneCm":111143,"stat.entityKilledBy.techguns.SkeletonSoldier":1,"stat.mineBlock.hbm.ore_lignite":29,"stat.pickup.minecraft.iron_axe":1,"stat.mineBlock.minecraft.stone_stairs":1,"stat.damageTaken":1438,"stat.pickup.minecraft.leather":1,"stat.mineBlock.minecraft.red_flower":16,"stat.useItem.minecraft.wooden_pickaxe":31,"stat.pickup.hbm.gun_maresleg":2,"stat.pickup.minecraft.log2":43,"stat.pickup.minecraft.oak_stairs":2,"stat.damageDealt":4075,"stat.sleepInBed":2,"stat.killEntity.Pig":1,"stat.pickup.techguns.itemshared":1,"stat.walkOneCm":441411,"stat.pickup.minecraft.stick":10,"stat.pickup.mekanism.oreblock":4,"stat.pickup.techguns.t1_combat_boots":1,"stat.pickup.minecraft.stone":47,"stat.killEntity.Skeleton":1,"stat.pickup.hbm.bottle_nuka":14,"stat.pickup.hbm.book_guide_book":1,"stat.pickup.biomesoplenty.log_2":24,"stat.killEntity.Spider":3,"stat.pickup.minecraft.bread":2,"stat.pickup.minecraft.dark_oak_stairs":1,"stat.mobKills":28,"stat.mineBlock.minecraft.leaves":16,"stat.craftItem.thermalfoundation.tool.hammer_iron":1,"stat.mineBlock.minecraft.stone":244}