{"stat.pickup.minecraft.wooden_slab":3,"stat.pickup.hbm.wire_fine":1,"stat.leaveGame":4,"stat.craftItem.minecraft.iron_axe":1,"stat.pickup.hbm.dust":1,"stat.mineBlock.hbm.crate_iron":20,"stat.useItem.minecraft.planks":25,"stat.craftItem.minecraft.shield":1,"stat.mineBlock.hbm.bobblehead":1,"stat.pickup.minecraft.glowstone_dust":6,"stat.pickup.hbm.ore_aluminium":12,"stat.pickup.minecraft.glass":94,"stat.mineBlock.gravestone.gravestone":1,"stat.pickup.hbm.niter":31,"stat.useItem.minecraft.water_bucket":2,"stat.pickup.minecraft.sand":154,"stat.pickup.hbm.crystal_titanium":7,"stat.craftItem.minecraft.stone_axe":1,"stat.mineBlock.hbm.ore_niter":21,"stat.mineBlock.minecraft.wooden_slab":2,"stat.craftItem.minecraft.iron_shovel":1,"stat.mineBlock.minecraft.sand":154,"stat.mineBlock.hbm.ore_uranium":10,"stat.craftItem.hbm.reinforced_stone":16,"stat.killEntity.techguns.ZombieFarmer":1,"stat.mineBlock.hbm.geiger":1,"stat.useItem.minecraft.iron_pickaxe":756,"stat.pickup.minecraft.stained_hardened_clay":5,"stat.craftItem.minecraft.wooden_pickaxe":1,"stat.useItem.minecraft.iron_shovel":146,"stat.pickup.thermalexpansion.satchel":1,"stat.pickup.minecraft.double_plant":2,"stat.craftItem.minecraft.bed":1,"stat.mineBlock.minecraft.hopper":11,"stat.pickup.thermalfoundation.material":6,"stat.pickup.techguns.basicore":65,"stat.furnaceInteraction":93,"stat.craftItem.hbm.crate_iron":2,"stat.pickup.hbm.crate_iron":21,"stat.pickup.srparasites.lurecomponent1":3,"stat.craftItem.thermalfoundation.material":50,"stat.pickup.hbm.radiorec":2,"stat.pickup.minecraft.beef":12,"stat.useItem.minecraft.cooked_mutton":7,"stat.pickup.minecraft.furnace":3,"stat.craftItem.hbm.ball_fireclay":24,"stat.useItem.thermalfoundation.tool.hammer_iron":313,"stat.useItem.thermaldynamics.duct_0":5,"stat.mineBlock.minecraft.stained_hardened_clay":10,"stat.mineBlock.thermalexpansion.dynamo":1,"stat.mineBlock.minecraft.fence":2,"stat.pickup.hbm.crystal_iron":12,"stat.pickup.hbm.bobblehead":2,"stat.useItem.minecraft.dye":17,"stat.mineBlock.minecraft.oak_stairs":2,"stat.mineBlock.hbm.ore_fluorite":21,"stat.deaths":1,"stat.pickup.minecraft.egg":1,"stat.playOneMinute":260148,"stat.useItem.hbm.crate_iron":1,"stat.pickup.hbm.lignite":36,"stat.craftItem.minecraft.iron_pickaxe":3,"stat.pickup.minecraft.iron_bars":17,"stat.mineBlock.minecraft.tallgrass":16,"stat.craftItem.minecraft.cooked_mutton":10,"stat.mineBlock.thermalexpansion.machine":1,"stat.chestOpened":135,"stat.pickup.hbm.fluorite":63,"stat.pickup.minecraft.pumpkin":8,"stat.pickup.hbm.crystal_copper":11,"stat.mineBlock.hbm.fence_metal":114,"stat.drop.biomesoplenty.waterlily":3,"stat.pickup.hbm.safe":1,"stat.pickup.hbm.ore_thorium":12,"stat.pickup.minecraft.arrow":3,"stat.pickup.hbm.geiger":1,"stat.pickup.futureminecraf.sweetberry":58,"stat.craftItem.biomesoplenty.planks_0":164,"stat.fallOneCm":47245,"stat.pickup.minecraft.carrot":1,"stat.crouchOneCm":6999,"stat.pickup.minecraft.rail":2,"stat.craftItem.minecraft.iron_ingot":136,"stat.craftItem.minecraft.chest":10,"stat.craftingTableInteraction":65,"stat.dropperInspected":4,"stat.mineBlock.ic2.resource":204,"stat.craftItem.thermalexpansion.satchel":2,"stat.pickup.minecraft.wooden_pickaxe":1,"stat.mineBlock.minecraft.log2":8,"stat.pickup.minecraft.feather":3,"stat.useItem.minecraft.furnace":2,"stat.useItem.minecraft.reeds":6,"stat.craftItem.hbm.machine_press":1,"stat.mineBlock.hbm.steel_scaffold":1,"stat.pickup.antiqueatlas.antique_atlas":1,"stat.mineBlock.biomesoplenty.plant_1":4,"stat.mineBlock.biomesoplenty.plant_0":7,"stat.pickup.minecraft.dye":49,"stat.pickup.minecraft.planks":39,"stat.mineBlock.hbm.deco_beryllium":7,"stat.pickup.minecraft.wheat_seeds":18,"stat.mineBlock.biomesoplenty.gem_ore":4,"stat.mineBlock.minecraft.gravel":121,"stat.useItem.minecraft.stone_pickaxe":258,"stat.useItem.futureminecraf.sweetberry":2,"stat.pickup.biomesoplenty.waterlily":3,"stat.useItem.biomesoplenty.berries":15,"stat.mineBlock.minecraft.dirt":75,"stat.pickup.hbm.sulfur":30,"stat.useItem.minecraft.torch":94,"stat.pickup.minecraft.crafting_table":4,"stat.mineBlock.techguns.basicore":63,"stat.useItem.minecraft.cobblestone":57,"stat.craftItem.minecraft.crafting_table":4,"stat.useItem.minecraft.gravel":2,"stat.mineBlock.minecraft.double_plant":3,"stat.craftItem.minecraft.boat":1,"stat.pickup.minecraft.log":46,"stat.pickup.biomesoplenty.planks_0":7,"stat.craftItem.biomesoplenty.boat_redwood":2,"stat.craftItem.minecraft.gold_ingot":6,"stat.pickup.minecraft.hopper":11,"stat.pickup.minecraft.chicken":5,"stat.pickup.hbm.ore_copper":32,"stat.pickup.minecraft.sapling":12,"stat.craftItem.hbm.template_folder":1,"stat.pickup.hbm.ore_uranium":10,"stat.craftItem.minecraft.bucket":1,"stat.craftItem.minecraft.planks":156,"stat.pickup.biomesoplenty.berries":15,"stat.mineBlock.hbm.ore_lead":41,"stat.mineBlock.minecraft.log":44,"stat.craftItem.thermaldynamics.duct_0":6,"stat.pickup.hbm.deco_computer":2,"stat.craftItem.minecraft.paper":15,"stat.pickup.biomesoplenty.dirt":12,"stat.pickup.minecraft.red_flower":2,"stat.craftItem.thermalexpansion.frame":2,"stat.sneakTime":2384,"stat.pickup.minecraft.wool":6,"stat.useItem.minecraft.wooden_axe":11,"stat.pickup.minecraft.yellow_flower":1,"stat.mineBlock.minecraft.jukebox":2,"stat.pickup.hbm.ore_titanium":27,"stat.pickup.ic2.ingot":2,"stat.pickup.minecraft.bone":4,"stat.pickup.minecraft.redstone_torch":1,"stat.useItem.minecraft.iron_axe":62,"stat.mineBlock.minecraft.cobblestone":20,"stat.mineBlock.minecraft.pumpkin":9,"stat.pickup.minecraft.flint":12,"stat.pickup.minecraft.flower_pot":1,"stat.mineBlock.hbm.safe":1,"stat.swimOneCm":13632,"stat.mineBlock.minecraft.spruce_stairs":6,"stat.pickup.thermalexpansion.machine":1,"stat.mineBlock.hbm.stone_resource":7,"stat.useItem.minecraft.dirt":35,"stat.useItem.minecraft.stone_slab2":63,"stat.mineBlock.hbm.barbed_wire":37,"stat.pickup.minecraft.stone_hoe":2,"stat.craftItem.minecraft.furnace":4,"stat.pickup.thermalfoundation.ore":84,"stat.craftItem.antiqueatlas.empty_antique_atlas":2,"stat.pickup.minecraft.anvil":1,"stat.craftItem.minecraft.stone_pickaxe":2,"stat.pickup.minecraft.cobblestone":2778,"stat.mineBlock.hbm.ore_asbestos":2,"stat.mineBlock.minecraft.clay":40,"stat.useItem.minecraft.stone_shovel":131,"stat.flyOneCm":231762,"stat.mineBlock.hbm.ore_thorium":12,"stat.craftItem.ic2.ingot":41,"stat.drop.minecraft.wheat_seeds":1,"stat.mineBlock.hbm.ore_sulfur":10,"stat.craftItem.hbm.ingot_lead":2,"stat.pickup.hbm.ore_tungsten":34,"stat.craftItem.hbm.geiger_counter":1,"stat.pickup.minecraft.redstone":228,"stat.mineBlock.minecraft.iron_ore":121,"stat.craftItem.minecraft.book":2,"stat.timeSinceDeath":14497,"stat.mineBlock.hbm.ore_titanium":29,"stat.mineBlock.hbm.reinforced_glass":6,"stat.pickup.minecraft.mutton":10,"stat.craftItem.mekanism.nugget":9,"stat.craftItem.minecraft.iron_block":1,"stat.mineBlock.biomesoplenty.log_2":172,"stat.pickup.thermalexpansion.dynamo":1,"stat.craftItem.minecraft.stonebrick":4,"stat.mineBlock.thermalfoundation.ore":92,"stat.pickup.minecraft.stonebrick":2,"stat.pickup.hbm.ore_beryllium":4,"stat.pickup.minecraft.iron_shovel":1,"stat.pickup.minecraft.trapdoor":1,"stat.mineBlock.hbm.radiorec":1,"stat.pickup.minecraft.carpet":1,"stat.mineBlock.minecraft.coal_ore":182,"stat.pickup.minecraft.shield":1,"stat.pickup.extrautils2.ingredients":3,"stat.pickup.hbm.fence_metal":114,"stat.mineBlock.hbm.deco_computer":1,"stat.craftItem.minecraft.brick_block":2,"stat.mineBlock.hbm.gas_radon":7,"stat.craftItem.minecraft.stone_slab2":0,"stat.pickup.hbm.geiger_counter":1,"stat.pickup.hbm.template_folder":1,"stat.pickup.hbm.ingot_asbestos":2,"stat.sprintOneCm":291432,"stat.useItem.biomesoplenty.boat_redwood":2,"stat.craftItem.minecraft.stick":52,"stat.craftItem.minecraft.wooden_axe":1,"stat.mineBlock.biomesoplenty.grass":12,"stat.mineBlock.mekanism.oreblock":112,"stat.pickup.ic2.resource":203,"stat.craftItem.thermalexpansion.dynamo":1,"stat.craftItem.minecraft.stone":21,"stat.pickup.hbm.stone_resource":7,"stat.mineBlock.minecraft.crafting_table":4,"stat.mineBlock.minecraft.planks":20,"stat.drop":4,"stat.useItem.thermalfoundation.tool.hammer_invar":198,"stat.pickup.minecraft.jukebox":2,"stat.killEntity.Sheep":6,"stat.mineBlock.minecraft.gold_ore":13,"stat.diveOneCm":71858,"stat.craftItem.minecraft.piston":2,"stat.pickup.minecraft.sign":2,"stat.pickup.minecraft.gravel":116,"stat.mineBlock.hbm.ore_rare":12,"stat.mineBlock.minecraft.anvil":1,"stat.craftItem.hbm.ingot_firebrick":24,"stat.craftItem.thermalexpansion.machine":2,"stat.mineBlock.hbm.deco_red_copper":3,"stat.jump":2527,"stat.pickup.minecraft.fence":2,"stat.pickup.minecraft.coal":211,"stat.pickup.minecraft.iron_ingot":28,"stat.useItem.hbm.reinforced_stone":15,"stat.useItem.minecraft.stone_axe":38,"stat.pickup.minecraft.gunpowder":2,"stat.craftItem.minecraft.torch":88,"stat.pickup.minecraft.dirt":116,"stat.mineBlock.hbm.ore_aluminium":14,"stat.pickup.minecraft.iron_ore":121,"stat.boatOneCm":345339,"stat.pickup.minecraft.gold_ore":13,"stat.useItem.minecraft.sapling":3,"stat.mineBlock.minecraft.iron_bars":18,"stat.mineBlock.minecraft.lapis_ore":8,"stat.mineBlock.hbm.ore_lignite":36,"stat.pickup.minecraft.iron_axe":1,"stat.mineBlock.minecraft.leaves2":14,"stat.damageTaken":1584,"stat.pickup.minecraft.leather":5,"stat.mineBlock.minecraft.torch":20,"stat.mineBlock.minecraft.furnace":3,"stat.pickup.hbm.ore_lead":41,"stat.useItem.minecraft.wooden_pickaxe":59,"stat.mineBlock.minecraft.sapling":2,"stat.pickup.minecraft.log2":8,"stat.pickup.hbm.chunk_ore":12,"stat.pickup.minecraft.reeds":23,"stat.pickup.minecraft.potato":1,"stat.pickup.minecraft.oak_stairs":2,"stat.damageDealt":2410,"stat.craftItem.minecraft.glass":56,"stat.sleepInBed":1,"stat.killEntity.Cow":6,"stat.craftItem.minecraft.stone_shovel":1,"stat.pickup.minecraft.boat":2,"stat.pickup.scp.telekill_ore":11,"stat.walkOneCm":594746,"stat.pickup.hbm.barbed_wire":37,"stat.useItem.minecraft.chest":7,"stat.pickup.thermalfoundation.tool.hammer_invar":1,"stat.mineBlock.hbm.ore_beryllium":4,"stat.craftItem.thermalfoundation.tool.hammer_invar":2,"stat.pickup.mekanism.oreblock":107,"stat.pickup.minecraft.clay_ball":160,"stat.pickup.biomesoplenty.sapling_2":32,"stat.mineBlock.scp.telekill_ore":11,"stat.pickup.minecraft.stone":732,"stat.pickup.hbm.deco_beryllium":8,"stat.killEntity.Skeleton":2,"stat.pickup.biomesoplenty.gem":3,"stat.craftItem.techguns.itemshared":14,"stat.mineBlock.minecraft.stonebrick":2,"stat.pickup.biomesoplenty.log_2":170,"stat.killEntity.Chicken":5,"stat.craftItem.hbm.stamp_iron_flat":1,"stat.mineBlock.minecraft.glowstone":2,"stat.mobKills":23,"stat.useItem.minecraft.boat":2,"stat.pickup.minecraft.water_bucket":1,"stat.mineBlock.minecraft.leaves":3,"stat.pickup.hbm.deco_red_copper":3,"stat.pickup.minecraft.torch":47,"stat.pickup.minecraft.spruce_stairs":7,"stat.pickup.hbm.steel_scaffold":1,"stat.mineBlock.hbm.ore_copper":32,"stat.mineBlock.minecraft.redstone_ore":52,"stat.craftItem.minecraft.compass":2,"stat.craftItem.minecraft.brick":16,"stat.craftItem.thermalfoundation.tool.hammer_iron":5,"stat.mineBlock.hbm.ore_tungsten":35,"stat.mineBlock.minecraft.stone":3204}